{"C_B": {"Num_intf_residues": 31, "Polar": 0.45161290322580644, "Charged": 0.16129032258064516, "Intfresidues_ch2": ["B", 15], "Hydrophobhic": 0.2903225806451613}}