{
    "iptm+ptm": {
        "model_1_multimer_v2_pred_0": 0.3018279504850084,
        "model_2_multimer_v2_pred_0": 0.2976952451175636,
        "model_3_multimer_v2_pred_0": 0.2575935687442484,
        "model_4_multimer_v2_pred_0": 0.28233998079411526,
        "model_5_multimer_v2_pred_0": 0.295359748693503
    },
    "order": [
        "model_1_multimer_v2_pred_0",
        "model_2_multimer_v2_pred_0",
        "model_5_multimer_v2_pred_0",
        "model_4_multimer_v2_pred_0",
        "model_3_multimer_v2_pred_0"
    ]
}